{"type":"Topology","transform":{"scale":[2269.4438539623575,1767.5122904475459],"translate":[-13345037.854,1406723.8251]},"arcs":[[[3016,1818],[21,-28],[-54,28],[33,0]],[[3650,1888],[29,-36],[50,1],[-22,-29],[-39,0],[-18,64]],[[3551,1770],[-36,126],[-21,10]],[[3494,1906],[101,47],[0,0],[8,-30],[24,12],[32,-115],[77,-36],[33,115],[16,0],[16,-59],[-16,-58],[-125,-58],[-51,-66],[-41,53],[82,105],[-99,-46]],[[3742,2045],[0,-46],[-66,30],[-33,44],[39,0],[60,-28]],[[1491,2117],[112,-143],[-97,43],[-61,78],[-14,50],[60,-28]],[[3954,2147],[-31,-106],[96,0],[19,-43],[-24,-84],[-178,0],[67,233],[51,0]],[[1313,2285],[55,-70],[-105,48],[0,93],[50,0],[0,-71]],[[3042,3117],[61,-78],[-28,-36],[-103,48],[-47,-60],[-50,38],[0,118],[52,24],[115,-54]],[[3494,1906],[-19,9],[-12,6],[-12,-43],[-29,-102],[0,0],[0,0],[-15,0],[-1,-5],[-4,-15],[-66,0],[0,0],[-35,0],[0,0],[-21,0],[0,0],[-16,-21],[-16,-21],[0,0]],[[3248,1714],[-49,-23],[-50,0],[-6,-8],[-20,-24],[20,-25],[-9,-4],[-118,-53],[-10,5],[-8,4],[0,0]],[[2998,1586],[7,25],[8,30],[0,0]],[[3013,1641],[6,-8],[2,-3],[0,0],[31,39],[0,111],[0,0],[32,-41],[11,-14],[22,0],[0,0],[0,28],[0,0],[-48,61],[-54,25],[-71,33],[0,0],[-18,67],[-3,9],[-25,0],[0,0],[-9,31],[-5,19],[0,0],[-70,0],[-37,-48],[-31,-14]],[[2746,1936],[-87,40],[-49,23],[-22,28],[-10,-13],[0,0],[-84,0],[-144,0],[0,0],[-79,0],[-206,0],[0,0],[-121,0],[0,0],[-87,0],[-32,0],[-206,0],[0,0]],[[1619,2014],[-237,305],[-27,97]],[[1355,2416],[0,78],[-189,241],[-18,-13],[-32,-24],[0,0],[-49,64],[0,0],[-24,31],[-54,0],[0,691]],[[989,3484],[123,-57],[27,-13],[329,154],[17,-22],[51,-65],[0,0],[154,0],[0,0],[35,0],[167,-78],[45,-21],[0,0],[0,-50],[0,0],[107,0],[65,-31],[22,-10],[0,0],[0,70],[0,0],[11,5],[84,39],[127,-59],[141,0],[0,0],[0,59],[0,0],[40,-52],[37,-47],[0,0],[0,62],[49,23],[0,89],[-86,40],[-9,4],[0,0],[0,94],[0,0],[35,45],[64,0],[59,-75],[28,-35],[0,-81],[0,0],[31,-40],[0,-59],[0,0],[24,86],[0,0],[132,-62],[11,39],[22,77],[51,-24],[81,-37],[0,-188],[-189,-88],[-93,-120],[-186,-238],[0,-56],[0,0],[0,-83],[0,0],[52,0],[2,-4],[35,-124],[45,22],[65,-31],[0,0],[1,0],[65,-30],[0,0],[0,-85],[0,0],[165,0],[0,-159],[79,-100],[7,9],[11,15],[29,37],[8,9],[-17,59],[-25,89],[0,0],[99,73],[0,144],[0,0],[-63,80],[9,12],[36,46],[0,138],[-20,26],[-12,15],[0,0],[6,8],[25,33],[198,-93],[71,-33],[0,0],[0,-164],[105,-48],[46,161],[13,48],[0,0],[8,-17],[40,-91],[52,-114],[35,-78],[0,-79],[0,-1],[98,-45],[35,-17],[50,-65],[0,-102],[-38,-49],[-9,-12],[0,0],[-5,0],[-46,0],[-21,-26],[-36,-46],[-221,0],[-27,-59],[-51,0],[-20,-63],[0,0],[58,28],[95,44],[40,-53],[0,0],[-72,-34],[0,0],[-101,-47]],[[2237,3739],[42,-149],[107,-50],[-41,-147],[-165,77],[-124,-58],[-113,0],[0,43],[-64,0],[-68,32],[0,22],[0,30],[152,0],[-199,93],[0,82],[156,72],[142,-66],[91,-43],[-33,116],[117,-54]],[[2536,3717],[-66,-85],[-148,69],[37,131],[144,0],[33,-115]],[[2634,3706],[-43,0],[-36,125],[30,39],[177,0],[-128,-164]],[[3435,3632],[326,-419],[-197,0],[0,-257],[-331,154],[126,162],[-229,295],[0,-34],[-294,0],[-87,110],[177,227],[509,-238]],[[1692,3673],[-77,-37],[-132,64],[97,125],[-54,70],[188,0],[172,-80],[-194,-91],[0,-51]],[[2086,4094],[57,-72],[76,0],[0,-84],[-101,0],[-54,-25],[0,0],[-82,-38],[-184,86],[87,113],[136,-63],[12,15],[31,39],[0,0],[22,29]],[[1831,4061],[-128,-59],[-77,36],[27,36],[176,82],[56,-26],[-54,-69]],[[3383,1505],[-60,-28],[0,28],[0,0],[60,0],[0,0]],[[2812,1945],[-29,0],[29,14],[0,-14]],[[2746,1936],[0,0],[-58,-75],[-4,-14],[0,0],[43,20],[9,-4],[93,43],[13,-48],[53,25],[7,-25],[67,-31],[-114,0],[-12,-44],[0,0],[2,-9],[-11,-41],[19,14],[-19,-68],[0,-71],[0,-33],[12,-17],[23,0],[22,80],[-11,38],[-3,11],[16,57],[44,57],[65,-30],[-28,-99],[36,27],[14,-19],[-11,-39]],[[2998,1586],[-10,-33],[39,-18],[60,28],[26,33],[30,38],[41,20],[49,0],[0,0],[0,41],[0,0],[15,19]],[[3551,1770],[0,0],[9,-30],[-71,-34],[-67,-90],[0,0],[0,0],[-13,-16],[28,-37],[13,0],[4,16],[1,5],[0,0],[0,-29],[-17,-8],[-17,-8],[0,0],[-32,-15],[-44,0],[-26,-12],[0,0],[-11,-34],[7,-8],[-16,-58],[-18,-23],[-18,24],[17,-58],[-13,-44],[-8,-29],[-8,29],[0,0],[-19,64],[-9,-34],[16,-57],[0,-42],[0,-72],[-75,-97],[0,0],[-93,-119],[-16,-61],[62,-219],[-26,-91],[-46,22],[-40,140],[12,40],[-62,79],[-21,-27],[-25,32],[-59,0],[0,0],[-35,0],[0,0],[-21,0],[-63,-82],[0,50],[-110,0],[0,0],[-43,0],[-62,-79],[0,-121]],[[2516,637],[-64,30],[-105,187],[-38,-48],[-123,158],[0,0],[-57,0],[0,-43],[0,0],[-31,0],[0,0],[-32,0],[-156,73],[0,0],[-1,0],[-78,-37],[0,0],[0,0]],[[1831,957],[0,0],[-264,338],[0,275],[0,0],[0,238],[0,0],[0,162],[52,-24],[0,68],[0,0]],[[599,2598],[-60,-76],[-34,44],[94,120],[0,-88]],[[140,2746],[-10,-12],[-73,34],[65,30],[18,-23],[0,-29]],[[1355,2416],[0,0],[-45,20],[-163,209],[-37,-27],[-109,141],[-97,0],[-173,81],[0,-88],[-99,-46],[0,109],[52,0],[0,52],[-121,-89],[0,-75],[-189,-243],[-374,-175],[411,305],[27,96],[-53,-25],[-120,0],[0,129],[-59,-44],[-77,99],[0,97],[169,79],[0,75],[-180,0],[-80,103],[117,55],[57,-27],[123,0],[0,25],[-229,107],[0,96],[300,140],[346,0],[237,-111]],[[2516,637],[-36,-189],[69,-245],[109,0],[82,39],[0,138],[113,0],[0,-123],[-67,-85],[-65,0],[0,-49],[36,-45],[-71,0],[0,-78],[-67,86],[-56,-26],[-343,161],[0,213],[-22,29],[-127,162],[17,21],[-88,113],[-38,134],[-44,56],[-28,-36],[61,-216],[155,-199],[-34,-44],[-155,199],[-86,304]]],"objects":{"layer1":{"type":"GeometryCollection","geometries":[{"type":"MultiPolygon","arcs":[[[0]],[[1]],[[2,3]],[[4]],[[5]],[[6]],[[7]],[[8]],[[9,10,11,12,13,14,15,16]],[[17]],[[18]],[[19]],[[20]],[[21]],[[22]],[[23]]],"id":0,"properties":{"NAME":"Canada","ISO3166_A3":"CAN","ISO3166_A2":"CA","FORMAL":"Canada","SOVEREIGN":"Canada","Shape_Leng":55760363.8374,"Shape_Area":15353665398900}},{"type":"MultiPolygon","arcs":[[[24]],[[25]],[[26,-12,27,-10,-3,28,29,30,-14]],[[31]],[[32]],[[-16,33]]],"id":1,"properties":{"NAME":"United States of America","ISO3166_A3":"USA","ISO3166_A2":"US","FORMAL":"United States of America","SOVEREIGN":"United States of America","Shape_Leng":33141462.6555,"Shape_Area":10067903139000}},{"type":"Polygon","arcs":[[34,-30]],"id":2,"properties":{"NAME":"Mexico","ISO3166_A3":"MEX","ISO3166_A2":"MX","FORMAL":"United Mexican States","SOVEREIGN":"Mexico","Shape_Leng":9752446.56849,"Shape_Area":1395590684430}}]}},"bbox":[-13345037.854,1406723.8251,-4181023.571700001,8752504.9042]}