{"type":"Topology","transform":{"scale":[2348.5428709123526,1848.460261474585],"translate":[-13345037.854,1406723.8251]},"arcs":[[[3269,1439],[-58,-27],[0,27],[0,0],[58,0],[0,0]],[[2914,1738],[21,-26],[-52,26],[31,0]],[[3527,1805],[28,-34],[49,1],[-22,-28],[-37,0],[-18,61]],[[2717,1860],[-27,0],[27,14],[0,-14]],[[3616,1955],[0,-44],[-63,29],[-33,42],[38,0],[58,-27]],[[1441,2024],[108,-137],[-94,42],[-58,75],[-14,47],[58,-27]],[[3820,2053],[-29,-102],[92,0],[19,-41],[-23,-80],[-172,0],[65,223],[48,0]],[[1269,2185],[53,-67],[-101,46],[0,89],[48,0],[0,-68]],[[579,2485],[-58,-73],[-33,41],[91,115],[0,-83]],[[135,2626],[-10,-12],[-70,33],[63,29],[17,-22],[0,-28]],[[2940,2981],[59,-75],[-28,-35],[-99,46],[-45,-57],[-49,36],[0,113],[50,23],[112,-51]],[[2650,3282],[0,-57],[0,0],[23,83],[0,0],[128,-59],[10,37],[21,73],[50,-23],[78,-35],[0,-180],[-183,-84],[-90,-114],[-179,-229],[0,-53],[0,0],[0,-80],[0,0],[50,0],[1,-4],[34,-118],[44,21],[63,-29],[0,0],[1,-1],[62,-28],[0,0],[0,-81],[0,0],[160,0],[0,-152],[76,-96],[7,9],[11,14],[28,35],[7,9],[-16,57],[-24,84],[0,0],[95,70],[0,138],[0,0],[-60,77],[8,11],[35,44],[0,132],[-19,24],[-12,15],[0,0],[6,8],[24,31],[192,-89],[68,-31],[0,0],[0,-157],[102,-46],[44,154],[13,46],[0,0],[7,-17],[39,-86],[50,-110],[34,-74],[0,-76],[0,0],[95,-44],[34,-15],[48,-62],[0,-99],[-36,-47],[-9,-11],[0,0],[-5,0],[-45,0],[-19,-25],[-35,-44],[-214,0],[-26,-56],[-50,0],[-19,-60],[0,0],[56,26],[91,42],[40,-50],[0,0],[-70,-32],[0,0],[-98,-45],[0,0],[98,45],[0,0],[8,-29],[23,11],[31,-110],[74,-34],[32,110],[15,0],[16,-56],[-16,-56],[-121,-56],[-49,-62],[-39,50],[79,100],[-95,-44],[0,0],[8,-28],[-69,-32],[-65,-86],[0,0],[0,0],[-12,-16],[27,-35],[12,0],[4,15],[2,5],[0,0],[0,-28],[-17,-8],[-16,-8],[0,0],[-31,-14],[-42,0],[-26,-11],[0,0],[-10,-32],[7,-9],[-16,-55],[-17,-21],[-18,22],[16,-56],[-12,-42],[-8,-28],[-8,28],[0,0],[-18,62],[-9,-32],[16,-55],[0,-40],[0,-69],[-73,-93],[0,0],[-89,-114],[-16,-58],[60,-209],[-25,-88],[-45,22],[-38,133],[11,38],[-60,76],[-20,-26],[-24,31],[-57,0],[0,0],[-33,0],[0,0],[-21,0],[-61,-79],[0,48],[-106,0],[0,0],[-42,0],[-59,-76],[0,-115],[-36,-180],[67,-234],[106,0],[79,36],[0,133],[108,0],[0,-118],[-64,-82],[-63,0],[0,-46],[35,-44],[-69,0],[0,-74],[-65,83],[-53,-25],[-332,153],[0,204],[-21,27],[-122,155],[16,21],[-86,108],[-36,128],[-42,53],[-28,-34],[59,-206],[150,-190],[-33,-43],[-150,190],[-83,291],[0,0],[-254,323],[0,263],[0,0],[0,228],[0,0],[0,155],[49,-23],[0,65],[0,0],[-228,291],[-27,93],[0,0],[-43,20],[-157,199],[-36,-26],[-106,135],[-93,0],[-168,77],[0,-83],[-95,-44],[0,104],[50,0],[0,50],[-117,-86],[0,-71],[-182,-232],[-362,-168],[397,292],[26,91],[-51,-24],[-116,0],[0,124],[-57,-42],[-75,94],[0,93],[164,76],[0,71],[-174,0],[-78,99],[113,52],[56,-26],[119,0],[0,24],[-221,103],[0,92],[289,134],[334,0],[230,-107],[119,-54],[25,-12],[319,147],[16,-21],[49,-63],[0,0],[149,0],[0,0],[34,0],[162,-74],[43,-20],[0,0],[0,-48],[0,0],[103,0],[63,-29],[21,-10],[0,0],[0,66],[0,0],[11,5],[81,38],[123,-57],[136,0],[0,0],[0,57],[0,0],[39,-50],[35,-45],[0,0],[0,59],[48,22],[0,86],[-84,38],[-8,4],[0,0],[0,89],[0,0],[34,44],[62,0],[57,-72],[26,-34],[0,-77],[0,0],[31,-38]],[[2684,1865],[-30,-14],[0,0],[-56,-71],[-4,-14],[0,0],[41,20],[9,-5],[90,42],[12,-46],[51,23],[7,-23],[65,-30],[-110,0],[-12,-42],[0,0],[3,-9],[-12,-39],[19,14],[-19,-66],[0,-68],[0,-31],[12,-16],[22,0],[22,76],[-11,36],[-3,12],[16,54],[42,54],[63,-29],[-27,-94],[34,26],[14,-18],[-10,-38],[5,-7],[3,-3],[0,0],[29,37],[0,106],[0,0],[31,-39],[11,-14],[21,0],[0,0],[0,27],[0,0],[-47,59],[-51,24],[-69,31],[0,0],[-18,64],[-3,9],[-23,0],[0,0],[-9,29],[-5,18],[0,0],[-67,0],[-36,-45]],[[3037,1563],[-9,-4],[-113,-51],[-10,5],[-8,3],[0,0],[-9,-31],[37,-17],[58,27],[25,31],[29,37],[39,18],[48,0],[0,0],[0,40],[0,0],[14,18],[-46,-22],[-49,0],[-6,-7],[-19,-24],[19,-23]],[[2161,3575],[41,-142],[104,-48],[-40,-140],[-159,73],[-121,-55],[-108,0],[0,41],[-62,0],[-66,31],[0,21],[0,28],[147,0],[-192,89],[0,78],[150,69],[138,-63],[88,-41],[-32,111],[112,-52]],[[2451,3554],[-64,-81],[-143,66],[36,126],[139,0],[32,-111]],[[2545,3543],[-42,0],[-34,121],[29,36],[171,0],[-124,-157]],[[3319,3473],[315,-401],[-190,0],[0,-246],[-320,148],[122,155],[-221,281],[0,-32],[-285,0],[-83,106],[170,216],[492,-227]],[[1635,3512],[-74,-35],[-128,61],[94,120],[-53,67],[182,0],[167,-77],[-188,-87],[0,-49]],[[2016,3915],[54,-70],[74,0],[0,-79],[-97,0],[-53,-24],[0,0],[-79,-37],[-178,83],[85,108],[131,-61],[12,15],[29,37],[0,0],[22,28]],[[1769,3883],[-123,-57],[-75,35],[27,34],[170,79],[53,-25],[-52,-66]]],"objects":{"layer1":{"type":"GeometryCollection","geometries":[{"type":"MultiPolygon","arcs":[[[0]],[[1]],[[2]],[[3]],[[4]],[[5]],[[6]],[[7]],[[8]],[[9]],[[10]],[[11],[12],[13]],[[14]],[[15]],[[16]],[[17]],[[18]],[[19]],[[20]]],"id":0,"properties":{"Id":0}}]}},"bbox":[-13345037.854,1406723.8251,-4181023.571700001,8752504.9042]}