{"type":"Topology","transform":{"scale":[274.5474804542235,226.8724757852894],"translate":[-2370167.0973,-4449809.784]},"arcs":[[[21241,0],[60,278],[41,190],[-7,0],[-186,26],[-168,24],[-185,26],[-17,-21],[-18,-21],[-18,-21],[-18,-19],[-28,-29],[-29,-27],[-30,-26],[-31,-25],[-31,-23],[-22,-15],[-33,-21],[-33,-19],[-23,-12],[-23,-12],[-35,-16],[-36,-14],[-24,-8],[-36,-12],[-25,-7],[-25,-6],[-25,-5],[-26,-5],[-25,-3],[-26,-3],[-26,-2],[-26,-1],[-27,-1],[-17,0],[-33,2],[-33,2],[-33,4],[-33,6],[-32,6],[-32,8],[-32,9],[-31,11],[-30,11],[-31,13],[-30,14],[-29,15],[-14,8],[-29,16],[-14,9],[-28,18],[-27,19],[-27,21],[-26,21],[-25,22],[-25,23],[-24,24],[-24,26],[-12,12],[-22,27],[-22,27],[-21,28],[-21,29],[-19,29],[-19,31],[-18,31],[-9,16],[-17,32],[-8,16],[-722,195]],[[18511,951],[7,-26],[7,-26],[7,-26],[7,-32],[6,-27],[6,-33],[5,-27],[5,-34],[3,-28],[3,-28],[4,-41],[1,-29],[2,-35],[0,-21],[0,-30],[0,-35],[-2,-34],[-2,-34],[-2,-33],[-2,-17],[-4,-33],[-3,-25],[-6,-33],[-7,-40],[-9,-40],[-7,-32],[-6,-23],[-9,-31],[-9,-31],[-13,-37],[-10,-30]],[[18511,951],[-286,76],[-343,93],[-228,61],[-115,31],[-228,61],[-343,92],[-286,77]],[[22159,3157],[2,2],[147,-52],[133,-47],[147,-51]],[[22159,3157],[-100,-64],[-262,551],[-30,-108],[-73,-258],[-240,-86],[-311,-113],[-353,-128],[18,-172],[10,-97],[18,-172],[329,119],[83,-205],[-254,-108],[-132,-57],[38,-377],[200,-173],[275,-238],[76,-690],[10,-92],[76,-689]],[[14322,4736],[-21,277],[-23,300],[-8,106]],[[16572,4810],[31,37],[156,188],[31,36],[-4,15],[-96,327],[-40,134]],[[13846,6011],[-120,5],[-293,12],[-26,1],[-293,12],[-120,5]],[[12016,7136],[0,234],[-292,89],[-117,35],[-163,49],[-176,53]],[[11268,7596],[-141,-195],[-161,-222]],[[18756,7717],[-25,-22],[-25,-22],[-24,-24],[-24,-24],[-23,-25],[-11,-13],[-22,-27],[-11,-13],[-21,-28],[-10,-14],[-20,-28],[-19,-30],[-10,-15],[-18,-30],[-9,-16],[-17,-31],[-16,-32],[-16,-33],[-15,-33],[-14,-34],[-13,-34],[-12,-35],[-6,-18],[-11,-36],[-5,-18],[-10,-37],[-5,-18],[-8,-37],[-4,-19],[-7,-38],[-6,-38],[-5,-39],[-4,-39],[-3,-40],[-2,-40],[-1,-40],[0,-24],[373,-573],[49,-76],[373,-573],[38,-10],[19,-5],[26,-5],[39,-7],[27,-3],[39,-4],[20,-1],[31,-1],[30,0],[22,1],[21,1],[22,2],[21,3],[21,3],[32,5],[21,4],[20,5],[21,5],[20,5],[31,10],[20,7],[20,7],[19,8],[20,8],[19,9],[29,13],[28,15],[19,11],[27,16],[27,17],[27,19],[26,19],[25,20],[17,14],[25,21],[119,-120],[194,-194],[51,-52],[397,196],[52,27],[396,195],[-3,-30],[-3,-38],[-2,-28],[-2,-28],[-1,-38],[-1,-36],[0,-42],[0,-34],[2,-52],[3,-42],[2,-26],[5,-50],[7,-50],[5,-33],[4,-25],[5,-33],[7,-32],[7,-32],[5,-24],[8,-32],[7,-23],[11,-39],[7,-23],[12,-38],[10,-31],[17,-44],[14,-37],[9,-22],[13,-28],[16,-36],[17,-35],[18,-34],[11,-20],[15,-27],[11,-20],[20,-32],[14,-23],[20,-30],[21,-29],[24,-34],[18,-23],[18,-23],[30,-36],[27,-30],[12,-13],[24,-25],[20,-20],[16,-16],[-62,-131],[-35,-74],[-63,-132],[31,0],[17,0],[22,-2],[17,-2],[22,-4],[32,-7],[16,-4],[22,-6],[15,-6],[21,-8],[25,-11],[15,-7],[20,-10],[24,-14],[28,-18],[19,-13],[14,-12],[15,-12],[14,-12],[15,-13],[13,-14],[14,-13],[13,-15],[19,-22],[12,-15],[18,-24],[11,-16],[11,-17],[16,-25],[10,-18],[14,-27],[14,-28],[8,-19],[8,-19],[8,-20],[7,-19],[6,-21],[7,-20],[5,-21],[6,-21],[7,-31],[5,-33],[4,-22],[4,-33],[-2,-51]],[[12206,6988],[86,72],[212,175],[19,16],[212,175],[242,201],[142,117],[71,59],[171,141],[71,59],[142,118],[156,129]],[[11268,7596],[64,89],[138,189],[183,253],[201,278]],[[11298,9273],[-198,-14],[-307,-23],[-198,-14],[11,-277],[-167,-15],[22,-4],[22,-5],[21,-5],[21,-7],[20,-9],[30,-14],[19,-10],[19,-12],[27,-19],[27,-21],[16,-15],[16,-17],[16,-16],[22,-27],[21,-29],[13,-20],[12,-20],[18,-32],[15,-34],[9,-23],[13,-36],[7,-24],[6,-25],[5,-25],[5,-26],[2,-13],[3,-26],[1,-14],[2,-26],[-187,-13],[-17,-1],[-179,-12],[-138,-9],[-88,-194],[-5,-13],[-88,-193],[6,-17],[6,-20],[6,-28],[4,-22],[3,-17],[2,-18],[2,-28],[1,-15],[0,-19],[0,-23],[-2,-30],[-5,-32],[-4,-25],[-7,-28],[-5,-18],[-8,-24],[-6,-17]],[[11475,8358],[-12,-7],[-17,-10],[-16,-8],[-29,-12],[-19,-7],[-23,-8],[-15,-3],[-21,440],[-2,30],[-23,500]],[[11795,9756],[-194,-188],[-47,-46],[-202,-196],[-54,-53]],[[17788,11667],[29,-141],[86,-434],[16,-77],[33,-166]],[[8119,13115],[-134,51],[-214,82],[-224,85],[-73,168],[-206,470],[-59,134],[-29,67],[-59,134],[-44,101],[1,23],[0,31],[-1,28],[-1,15],[-3,28],[-4,27],[-2,14],[-6,26],[-7,27],[-8,25],[-4,13],[-9,25],[-10,24],[-11,23],[-12,23],[-7,11],[-13,21],[-14,21],[-8,10],[-15,20],[-16,18],[-8,9],[-17,17],[-18,16],[-19,15],[-19,14],[-9,7],[-20,12],[-10,6],[-21,11],[-11,4],[-21,9],[-11,4],[-22,7],[-11,3],[-23,5],[-23,3],[-24,3],[-24,0],[-18,0],[-18,-1],[-18,-2],[-17,-3],[-27,-6],[-17,-5],[-25,-9],[-16,-7],[-16,-7],[-24,-13],[-16,-9],[-22,-15],[-22,-16],[-14,-12],[-13,-12],[-14,-13],[-12,-14],[-19,-21],[-12,-15],[-11,-16],[-16,-24],[-10,-16],[-14,-26],[-13,-27],[-8,-18],[-8,-19],[-10,-28],[-185,158],[-252,215],[-37,32],[-1,22],[-1,43],[-3,43],[-4,42],[-6,42],[-3,21],[-8,41],[-8,41],[-10,40],[-6,19],[-12,39],[-6,20],[-14,37],[-14,38],[-16,36],[-17,35],[-18,35],[-19,34],[-20,33],[-20,32],[-11,15],[-22,31],[-24,29],[-24,29],[-25,27],[-12,13],[-26,26],[-27,24],[-28,23],[-28,23],[-30,20],[-29,20],[-31,18],[-31,17],[-32,16],[-190,34],[-107,19],[-190,35],[-22,-221],[-236,47],[-354,70],[-42,9],[-315,63],[-298,216],[-316,228],[-149,108],[-301,217],[-74,55],[93,108],[-218,20],[-146,14],[-412,38]],[[12248,20909],[56,141]],[[12380,21188],[24,170]],[[13349,21720],[54,-167]],[[11713,22785],[-59,77]],[[16369,23451],[-141,112],[-159,127],[-92,281],[-87,264],[-4,16],[-3,11],[-6,15],[-6,14],[-12,19],[-13,18],[-12,13],[-11,9],[-11,9],[-9,5],[-12,6],[-19,8],[-14,3],[-21,2],[-15,-1],[-6,-18],[-5,-12],[-7,-15],[-8,-13],[-13,-18],[-10,-11],[-9,-8],[-14,-11],[-18,-10],[-15,-7],[-11,-4],[-15,-3],[-12,-1],[-12,0],[-16,1],[-11,2],[-15,5],[-16,6],[-10,6],[-14,9],[-8,7],[-10,9],[-33,-122],[-46,-168],[-34,-122],[8,-26],[4,-19],[9,-37],[5,-31],[3,-20],[3,-23],[3,-36],[1,-21],[1,-32],[-1,-38],[-2,-33],[-3,-33],[-4,-32],[-6,-32],[-5,-24],[-9,-38],[-7,-23],[-9,-29],[-14,-37],[-9,-21],[-12,-27],[-14,-27],[-7,-13],[-15,-26],[-16,-25],[-19,-27],[-11,-14],[-14,-18],[-18,-20],[-10,-11],[-17,-17],[-10,-9],[-22,-20],[-13,-11],[-16,-12],[-328,-107],[0,0],[-195,-64],[-129,-42],[-221,-72],[-272,-420]],[[10255,23351],[-194,50],[-125,32],[-11,-5],[-19,-7],[-18,-5],[-19,-5],[-19,-4],[-15,-2],[-25,-3],[-12,-1],[-21,0],[-23,1],[-18,2],[-23,3],[-16,4],[-28,7],[-27,10],[-21,8],[-21,10],[-20,11],[-20,13],[-23,17],[-19,14],[-13,12],[-13,12],[-21,22],[-12,13],[-91,25],[-98,26],[-69,18],[-98,27],[-135,36],[-22,253],[-104,1],[0,-258],[-110,5],[-87,5],[-79,4],[-87,6],[-47,3],[-111,7],[-98,7],[-81,5],[-65,5],[-98,8],[-65,5],[-81,7],[-65,5],[-81,8],[-113,10],[-65,6],[-97,10],[-97,10],[-71,7],[-76,9],[-98,11],[-76,8],[-76,9],[-65,8],[-87,11],[-120,15],[-90,12],[-94,12],[-94,13],[-71,10],[-70,10],[-71,10],[-70,11],[-117,18],[-94,14],[-93,15],[-47,8],[-94,15],[-70,12],[-70,12],[-93,16],[-116,21],[-93,17],[-70,13],[-89,16],[-50,10],[-82,16],[-99,19],[-115,23],[-49,10],[-115,24],[-98,20],[-66,14],[-114,25],[-98,22],[-112,25],[-90,21],[-69,16],[-69,16],[-76,18],[-75,18],[-102,25],[-58,15],[-84,21],[-115,29],[-43,11],[-87,23],[-86,22],[-108,29],[-108,29],[-87,24],[-64,18],[-86,24],[-86,25],[-86,25],[-86,25],[-107,31],[-65,20],[-85,26],[-64,19],[-65,20]],[[952,28309],[15,8],[16,9],[15,9],[15,10],[14,11],[21,17],[21,19],[19,20],[12,14],[18,22],[17,23],[15,24],[10,17],[10,17],[8,18],[9,18],[11,27],[7,19],[10,29],[8,30],[4,21],[4,20],[4,21],[2,21],[3,32],[1,22],[1,22],[-1,19],[0,18],[-3,28],[-2,18],[-2,18],[-4,26],[-4,18],[-6,26],[-5,16],[-11,33],[-12,32],[-10,24],[-7,15],[-12,22],[-17,28],[-13,20],[-10,14],[-15,19],[-10,12],[-16,17],[-22,23],[-23,20],[-12,9],[-109,1234],[-45,521],[-460,-132],[-96,259],[-134,361],[-76,205],[-105,284],[260,553],[404,862],[289,615],[173,370],[173,369],[173,369],[174,369],[202,431]]],"objects":{"layer1":{"type":"GeometryCollection","geometries":[{"arcs":[0],"type":"LineString","id":0,"properties":{"OBJECTID":3,