{"type":"Topology","transform":{"scale":[140.27713643440654,121.45604354664096],"translate":[-1386974.7416,-3070276.4181]},"arcs":[[[19364,153],[-24,-18],[-36,-24],[-25,-16],[-32,-17],[-40,-19],[-34,-14],[-41,-14],[-57,-15],[-36,-7],[-29,-4],[-52,-5],[-51,0],[-40,2],[-39,5],[-39,7],[-38,9],[-38,11],[-55,21],[-53,24],[-34,20],[-33,20],[-48,35],[-31,25],[-29,27],[-43,43],[-26,31],[-25,32],[-24,33],[-34,53],[-20,37],[-19,37],[-17,39],[-16,40],[-14,41],[-12,42],[-11,43],[-8,44],[-7,44],[-5,46],[-3,46],[-1,46],[0,33],[2,43],[7,62],[510,-375],[189,-138],[511,-375]],[[4946,8292],[0,-230],[-562,202],[0,0],[562,28]],[[20398,14994],[-2,-30],[-7,-34],[-12,-31],[-13,-25],[-17,-21],[-25,-25],[-26,-16],[-16,-8],[-29,-8],[-31,-2],[-22,2],[-29,8],[-16,8],[-22,13],[-29,28],[-17,21],[-9,16],[-13,31],[-5,19],[-5,24],[-2,36],[2,25],[10,43],[13,30],[9,16],[17,22],[29,27],[22,14],[16,8],[29,8],[40,1],[13,-1],[29,-8],[16,-8],[26,-16],[25,-25],[22,-29],[14,-30],[6,-18],[7,-34],[2,-31]],[[949,27044],[-308,-153],[-260,785],[236,97],[332,-729]],[[13822,33971],[-3,-54],[-10,-51],[-11,-32],[-20,-46],[-25,-41],[-25,-31],[-22,-22],[-24,-20],[-19,-13],[-27,-14],[-20,-9],[-29,-10],[-23,-5],[-38,-4],[-32,1],[-45,8],[-36,12],[-40,21],[-19,13],[-35,31],[-22,23],[-23,32],[-17,28],[-20,46],[-10,32],[-10,51],[-4,45],[1,36],[3,26],[10,51],[16,48],[14,30],[17,28],[14,20],[20,24],[22,22],[24,20],[19,13],[40,21],[36,12],[22,5],[39,4],[23,0],[31,-4],[23,-5],[29,-9],[20,-9],[27,-15],[19,-13],[24,-20],[22,-22],[20,-24],[14,-20],[16,-28],[17,-38],[14,-40],[10,-51],[3,-53]],[[20531,35971],[0,-31],[3,-45],[7,-62],[-194,-12],[-3,32],[-4,49],[-2,52],[1,63],[3,45],[6,61],[8,59],[6,29],[13,57],[15,56],[23,68],[22,53],[17,38],[26,50],[27,48],[38,57],[16,22],[33,43],[17,20],[36,40],[29,28],[136,-159],[-24,-22],[-37,-40],[-21,-25],[-27,-35],[-19,-27],[-35,-57],[-21,-40],[-19,-42],[-17,-43],[-22,-66],[-12,-46],[-10,-47],[-7,-48],[-4,-37],[-3,-49],[-1,-37]],[[10301,32885],[-4,0],[-85,258],[22,1],[37,6],[23,8],[33,16],[30,21],[23,22],[28,34],[19,34],[14,31],[13,46],[4,28],[2,28],[-1,37],[-4,28],[-11,41],[-14,36],[-19,35],[345,117],[-175,-379],[195,-167],[-234,-270],[-241,-11]],[[9893,34929],[-427,-694],[-68,474],[20,38],[16,35],[16,42],[11,37],[11,44],[7,40],[6,52],[2,42],[0,34],[-2,49],[-9,64],[-6,31],[-12,45],[-9,29],[-16,43],[-19,41],[-29,52],[-24,37],[-26,34],[-29,32],[-20,20],[-32,28],[-22,18],[-34,23],[-24,14],[-37,19],[-52,20],[-53,14],[-56,8],[-28,2],[-32,0],[-97,214],[-390,862],[-13,33],[-8,28],[-8,36],[-4,33],[-2,25],[1,54],[3,30],[7,40],[13,47],[10,27],[21,43],[19,31],[22,30],[18,20],[26,25],[36,27],[38,21],[24,11],[25,9],[25,6],[35,5],[34,1],[22,-1],[29,-4],[27,-7],[27,-9],[26,-11],[31,-18],[23,-16],[38,-33],[29,-33],[18,-24],[19,-32],[20,-41],[11,-29],[8,-26],[26,-67],[559,-1472],[229,-602]],[[8960,34199],[-288,-109],[-174,632],[-23,87],[10,51],[4,39],[1,54],[-3,37],[-4,27],[-9,44],[-17,50],[-14,32],[-11,23],[-22,36],[-20,26],[-33,37],[-31,26],[-26,19],[-20,12],[-28,15],[-45,16],[39,135],[23,4],[38,1],[29,-2],[46,-9],[27,-8],[43,-19],[32,-19],[23,-17],[36,-31],[32,-37],[23,-32],[20,-34],[21,-47],[11,-29],[8,-30],[8,-42],[5,-43],[1,-56],[-4,-44],[-4,-25],[-10,-42],[-18,-51],[-9,-22],[-15,-29],[-13,-20],[315,-382],[46,-224]],[[8091,35965],[99,-433],[-92,-249],[-140,604],[14,31],[12,30],[12,44],[5,25],[4,33],[1,48],[-4,49],[-4,28],[-12,46],[-13,34],[-15,33],[-13,23],[-31,43],[-29,31],[-19,17],[-20,15],[-36,22],[-23,11],[-23,8],[-32,9],[-25,4],[-37,2],[-32,-2],[-36,-7],[-17,-5],[-39,185],[26,23],[35,24],[30,16],[39,17],[37,11],[34,6],[34,3],[44,-1],[41,-6],[39,-10],[19,-7],[36,-17],[27,-15],[25,-17],[24,-19],[22,-21],[21,-23],[26,-33],[24,-36],[24,-48],[20,-52],[9,-32],[7,-34],[7,-58],[1,-47],[-1,-28],[-4,-39],[-8,-43],[-12,-41],[-10,-29],[-22,-47],[-28,-48],[-21,-28]],[[8274,36890],[-100,-225],[-603,375],[427,647],[1,-1],[-16,-40],[-16,-45],[-10,-39],[-6,-35],[-4,-27],[-5,-60],[0,-42],[4,-45],[2,-23],[8,-43],[11,-43],[13,-41],[12,-29],[18,-38],[15,-28],[16,-26],[24,-33],[26,-31],[21,-22],[36,-33],[24,-18],[32,-21],[43,-23],[27,-11]],[[7118,41539],[-353,-570],[-204,172],[392,522],[165,-124]],[[7107,39778],[-29,-17],[-30,-15],[-42,-17],[-21,-7],[-33,-7],[-23,-4],[-34,-3],[-23,-1],[-33,1],[-51,8],[-40,10],[-26,9],[-33,15],[-29,15],[-23,14],[30,4],[35,-6],[24,-1],[36,1],[45,7],[34,10],[16,6],[32,16],[31,19],[21,16],[27,25],[25,27],[17,22],[20,32],[18,34],[12,27],[13,37],[9,39],[5,31],[4,41],[0,29],[-1,35],[-9,56],[-8,33],[-13,38],[-11,25],[-25,45],[-25,37],[-21,24],[-17,18],[-24,20],[-30,22],[162,230],[259,368],[290,-204],[-274,-735],[-2,-27],[-6,-38],[-5,-25],[-9,-37],[-12,-35],[-18,-46],[-16,-32],[-18,-32],[-27,-39],[-38,-44],[-32,-32],[-27,-22],[-27,-20]],[[3979,42082],[-4,-8],[-260,90],[10,42],[12,42],[14,41],[22,60],[17,39],[18,38],[20,37],[20,36],[22,35],[35,50],[38,48],[26,30],[28,30],[28,27],[29,27],[31,25],[31,24],[48,33],[51,30],[34,17],[53,24],[36,14],[37,12],[38,10],[57,12],[39,6],[59,5],[40,1],[58,-2],[56,-6],[41,-7],[55,-13],[53,-16],[65,-25],[25,-12],[50,-25],[47,-29],[58,-40],[22,-18],[43,-37],[31,-29],[39,-42],[19,-22],[36,-45],[25,-36],[25,-37],[-173,-9],[-878,-46],[-44,-32],[-54,-46],[-34,-33],[-49,-53],[-41,-50],[-37,-53],[-27,-42],[-16,-28],[-24,-44]],[[5067,45727],[-42,11],[-53,11],[-35,5],[-51,5],[-40,2],[-46,1],[-71,-4],[-70,-10],[-51,-10],[-33,-9],[-66,-21],[-49,-18],[-47,-22],[-46,-24],[-59,-35],[-57,-40],[-28,-22],[-53,-45],[-26,-25],[-50,-51],[-35,-41],[-44,-57],[-21,-30],[-29,-47],[-19,-31],[-27,-50],[-30,-63],[-21,-50],[-18,-47],[-16,-48],[-12,-41],[-571,19],[-22,-55],[-11,-26],[-20,-38],[-14,-25],[-22,-36],[-23,-35],[-35,-44],[-27,-31],[-29,-29],[-40,-36],[-43,-32],[-45,-29],[-23,-13],[-36,-18],[-49,-20],[-51,-16],[-52,-12],[-40,-6],[-54,-3],[-31,0],[-33,2],[-33,3],[-32,6],[-33,7],[-31,8],[-46,16],[-30,13],[-44,22],[-28,16],[-41,28],[-40,30],[-25,22],[-24,23],[-23,24],[-23,25],[-21,27],[-21,27],[-28,44],[-18,30],[-16,31],[-22,48],[-20,51],[-11,34],[-10,35],[-9,36],[-11,55],[-7,56],[44,-26],[55,-26],[44,-16],[19,-5],[55,-13],[36,-5],[42,-3],[53,1],[37,4],[36,6],[48,12],[34,12],[34,13],[33,16],[42,24],[41,28],[38,31],[36,34],[42,46],[24,30],[22,32],[27,44],[18,35],[22,48],[19,50],[-208,529],[-113,288],[393,-349],[91,-82],[17,-45],[23,-51],[29,-55],[25,-39],[27,-37],[29,-35],[21,-22],[32,-31],[45,-38],[42,-30],[50,-28],[37,-17],[24,-10],[43,-15],[30,-7],[35,-8],[47,-5],[42,-2],[37,1],[25,2],[38,5],[49,10],[41,13],[29,11],[40,17],[27,15],[27,16],[36,24],[25,19],[17,48],[19,46],[12,26],[26,49],[34,52],[21,27],[30,36],[42,43],[45,38],[39,28],[41,25],[32,16],[55,22],[52,16],[53,10],[61,5],[49,0],[31,-3],[30,-4],[40,-8],[48,-14],[37,-14],[46,-22],[26,-15],[34,-21],[25,-18],[31,-26],[45,-42],[34,-39],[20,-25],[24,-34],[28,-46]],[[2677,49970],[-363,-546],[-23,25],[-38,34],[-38,25],[-37,19],[-26,9],[-45,11],[-32,4],[-28,0],[-37,-3],[-26,-5],[-26,-8],[-25,-9],[-32,-16],[-16,-9],[-29,-21],[-28,-23],[-19,-20],[-29,-36],[-26,-41],[-21,-43],[-13,-37],[-8,-29],[-10,-51],[-4,-52],[1,-35],[2,-21],[-647,-330],[-1,30],[-4,36],[-5,32],[-10,50],[-6,23],[518,392],[-136,145],[-474,-330],[-32,44],[-29,34],[-44,44],[-26,23],[-35,26],[-44,28],[-31,16],[-31,14],[-33,12],[-50,14],[-51,9],[-35,3],[-48,0],[993,548],[-1440,570],[474,32],[737,50],[511,34],[734,49],[-651,-421],[31,-50],[28,-38],[30,-36],[39,-42],[34,-31],[35,-28],[36,-27],[39,-24],[39,-21],[41,-18],[31,-12],[43,-14],[32,-8],[33,-6],[45,-6],[46,-2],[39,0],[28,2],[40,5],[44,8],[44,12],[58,21],[37,16]],[[18773,50245],[-34,3],[-22,1],[-41,-2],[-41,-5],[-39,-8],[-39,-12],[-28,-10],[-45,-21],[-44,-25],[-33,-24],[-39,-32],[-29,-29],[-28,-31],[-32,-41],[-18,-27],[-17,-27],[-20,-38],[-13,-30],[-58,329],[-101,587],[25,-30],[26,-28],[23,-21],[23,-19],[24,-19],[44,-28],[33,-18],[28,-12],[28,-10],[35,-11],[44,-10],[38,-5],[31,-2],[30,0],[38,3],[34,4],[43,10],[29,9],[38,14],[34,16],[73,-401]],[[18939,28365],[-181,-167],[-104,-96],[-225,-207],[0,-1],[-529,-488],[-37,-34],[-49,-41],[-48,-34],[-50,-31],[-30,-16],[-38,-17],[-30,-13],[-32,-11],[-32,-9],