{"type":"Topology","transform":{"scale":[98.32164124916818,37.582791766069874],"translate":[-13666442.1734,2951256.2179]},"arcs":[[[8942,23074],[10,-2],[21,-10],[8,-6],[10,-8],[9,-10],[131,-166],[131,-166],[196,-248],[131,-165],[262,-330],[131,-165],[196,-247],[131,-164],[131,-165],[131,-164],[262,-328],[262,-329],[262,-329],[262,-329],[262,-329],[261,-330],[261,-332],[261,-332],[261,-333],[260,-335],[16,-16],[10,-8],[9,-5],[14,-7],[13,-3],[143,0],[36,0],[105,0],[106,0],[176,0],[35,0],[106,0],[106,-1],[176,0],[35,0],[106,0],[140,0],[36,0],[105,0],[141,0],[141,-1],[35,0],[106,0],[141,0],[141,0],[35,0],[157,0],[63,-1],[140,0],[64,0],[140,0],[63,0],[140,0],[64,0],[90,0],[5,1],[7,5],[7,9],[3,7],[5,14],[4,18],[2,17],[0,15],[0,112],[-3,1628],[0,56],[0,17],[3,24],[4,14],[5,12],[8,13],[6,5],[7,2],[1815,24],[8,-2],[6,-3],[7,-6],[13,-19],[7,-11],[8,-19],[12,-33],[9,-22],[9,-19],[14,-27],[10,-16],[11,-14],[10,-14],[11,-12],[11,-11],[23,-20],[18,-13],[12,-8],[31,-17],[44,-23],[25,-14],[25,-15],[24,-17],[24,-19],[23,-24],[23,-28],[43,-71],[42,-88],[41,-104],[41,-117],[39,-127],[40,-136],[38,-142],[39,-146],[58,-222],[19,-74],[20,-73],[19,-71],[20,-71],[20,-69],[20,-68],[10,-33],[21,-64],[20,-62],[21,-59],[10,-28],[21,-55],[11,-26],[22,-49],[11,-23],[12,-25],[9,-15],[18,-31],[15,-23],[33,-47],[15,-24],[16,-27],[8,-15],[81,-162],[75,-165],[70,-168],[66,-172],[60,-176],[57,-181],[52,-187],[49,-192],[45,-200],[43,-207],[39,-215],[37,-223],[35,-233],[33,-242],[32,-253],[30,-264],[4,-36],[9,-77],[10,-79],[6,-41],[11,-83],[7,-42],[9,-64],[7,-44],[15,-87],[11,-65],[12,-66],[8,-44],[13,-65],[14,-65],[9,-42],[9,-43],[10,-42],[15,-61],[10,-41],[11,-39],[10,-39],[11,-38],[11,-38],[12,-36],[11,-35],[11,-32],[23,-63],[11,-31],[24,-61],[12,-29],[25,-59],[25,-56],[26,-56],[27,-55],[13,-27],[28,-54],[14,-26],[28,-53],[28,-52],[44,-77],[29,-51],[44,-77],[75,-129],[60,-105],[60,-108],[59,-112],[59,-117],[58,-123],[56,-130],[54,-137],[7,-19],[15,-35],[16,-33],[16,-31],[9,-14],[18,-28],[19,-26],[9,-12],[20,-22],[10,-11],[21,-20],[21,-18],[11,-9],[22,-15],[23,-14],[23,-12],[24,-11],[24,-10],[24,-8],[12,-3],[25,-6],[38,-6],[25,-3],[38,-2],[39,0],[38,2],[26,3],[26,3],[25,5],[25,5],[26,5],[24,6],[28,8],[7,3],[12,10],[7,8],[9,11],[10,18],[6,12],[12,34],[17,51],[8,26],[15,52],[14,53],[6,26],[13,53],[6,26],[11,54],[11,53],[5,27],[9,54],[4,27],[9,54],[7,54],[7,54],[7,54],[6,55],[6,54],[8,81],[7,81],[9,107],[14,159],[9,104],[10,103],[11,101],[13,98],[12,80],[12,77],[14,74],[14,71],[16,68],[17,64],[18,60],[20,56],[22,53],[23,48],[24,44],[27,39],[29,34],[31,29],[33,25],[35,19],[26,11],[27,10],[27,9],[27,8],[28,6],[28,6],[28,4],[28,2],[28,2],[28,0],[27,-2],[27,-3],[27,-4],[26,-6],[25,-7],[25,-10],[29,-14],[29,-17],[28,-21],[28,-24],[28,-26],[28,-28],[28,-30],[28,-32],[28,-34],[28,-34],[44,-53],[44,-53],[39,-43],[31,-35],[31,-32],[26,-27],[40,-38],[34,-31],[33,-29],[34,-28],[27,-22],[47,-37],[55,-41],[40,-30],[55,-38],[34,-23],[37,-26],[38,-26],[37,-28],[38,-29],[38,-29],[37,-32],[37,-32],[36,-35],[36,-36],[34,-39],[33,-40],[32,-43],[31,-45],[29,-47],[26,-51],[25,-53],[19,-51],[43,-122],[55,-154],[35,-100],[29,-84],[11,-33],[12,-39],[26,-105],[26,-111],[25,-114],[25,-119],[25,-121],[24,-125],[24,-128],[23,-129],[24,-132],[23,-133],[22,-134],[23,-134],[22,-134],[21,-135],[22,-133],[21,-133],[2,-17],[7,-48],[7,-64],[19,-153],[14,-112],[12,-93],[5,-33],[9,-55],[10,-61],[16,-89],[5,-29],[11,-56],[11,-56],[11,-54],[12,-54],[12,-52],[18,-76],[12,-51],[13,-49],[13,-49],[20,-72],[14,-48],[14,-47],[14,-47],[22,-70],[15,-47],[15,-47],[31,-95],[41,-120],[34,-98],[44,-127],[36,-106],[10,-27],[22,-60],[12,-32],[27,-68],[46,-112],[49,-121],[35,-85],[35,-89],[35,-91],[34,-93],[34,-95],[32,-95],[30,-97],[28,-96],[25,-95],[21,-95],[6,-27],[12,-56],[7,-29],[14,-61],[12,-48],[25,-100],[18,-69],[70,-273],[19,-74],[19,-75],[18,-74],[18,-73],[17,-73],[16,-71],[18,-85],[18,-86],[16,-86],[16,-87],[15,-88],[15,-88],[14,-88],[14,-89],[15,-90],[31,-203],[19,-114],[22,-138],[16,-92],[17,-93],[8,-44],[17,-85],[8,-42],[9,-42],[9,-41],[10,-40],[9,-40],[10,-39],[10,-39],[10,-38],[10,-37],[10,-38],[11,-36],[10,-36],[22,-71],[11,-34],[12,-34],[23,-67],[24,-64],[24,-63],[25,-61],[25,-60],[26,-57],[27,-56],[27,-54],[14,-26],[27,-52],[29,-50],[28,-49],[29,-47],[30,-45],[15,-23],[30,-43],[15,-21],[30,-42],[31,-40],[32,-39],[31,-38],[32,-37],[32,-35],[32,-35],[14,-14],[28,-28],[13,-13],[28,-25],[35,-30],[28,-23],[76,-62],[27,-23],[27,-24],[28,-25],[27,-26],[27,-28],[26,-29],[27,-32],[30,-39],[16,-17],[15,-13],[20,-15],[9,-4],[42,-27],[41,-38],[40,-47],[40,-54],[38,-60],[38,-62],[47,-79],[38,-61],[29,-43],[19,-27],[9,-13],[20,-25],[19,-22],[10,-10],[19,-19],[20,-16],[20,-13],[11,-5],[20,-7],[21,-4],[10,-1],[22,2],[10,3],[11,4],[11,5],[11,6],[11,7],[12,9],[5,5],[3,9]],[[6338,22552],[122,27],[162,38],[122,29],[122,28],[203,49],[81,19],[162,38],[162,38],[163,37],[162,35],[162,34],[162,32],[163,29],[162,27],[163,24],[162,21],[163,17],[6,0]],[[45538,60763],[10,26],[4,17],[7,30],[4,19],[4,26],[5,41],[7,64],[7,94],[6,56],[3,27],[4,26],[19,119],[10,64],[9,64],[8,64],[6,48],[5,49],[3,25],[4,50],[2,33],[2,42],[-1,28],[0,17]],[[49587,62337],[2,-25],[3,-22],[6,-37],[5,-27],[5,-27],[7,-30],[15,-60],[9,-35],[3,-17],[7,-36],[5,-38],[2,-20],[1,-20],[0,-40],[0,-61],[-1,-42],[-2,-56],[-1,-73],[-1,-41],[0,-50],[-1,-21]],[[63114,70463],[-2,20],[-4,47],[-3,27],[-5,35],[-5,34],[-9,52],[-8,37],[-8,35],[-8,32],[-9,31],[-10,30],[-10,28],[-10,27],[-16,38],[-11,24],[-17,35],[-18,33],[-12,21],[-19,31],[-25,40],[-32,49],[-25,41],[-26,42],[-25,45],[-25,49],[-24,53],[-22,59],[-8,22],[-7,27],[-5,20],[-6,30],[-7,38],[-7,55],[-13,93],[-18,140],[-18,140],[-14,105],[-11,80],[-8,58],[-12,80],[-5,30],[-4,19],[-6,28],[-7,26],[-7,22],[-6,20],[-15,36],[-11,25],[-22,47],[-38,77],[-13,27],[-13,28],[-11,27],[-11,29],[-11,31],[-9,32],[-9,34],[-7,38],[-7,41],[-5,44],[-2,21],[-2,41],[-1,41],[1,41],[3,102],[0,34],[1,35],[-1,30],[3,388],[3,516],[0,66],[6,970],[3,516],[1,66],[5,971],[3,516],[1,66],[3,582],[4,582],[3,582],[3,388],[-1,23],[-2,35],[-3,34],[-4,22],[-4,22],[-7,33],[-6,21],[-6,22],[-10,31],[-15,40],[-17,39],[-13,28],[-9,17],[-13,27],[-19,32],[-19,31],[-19,28],[-9,13],[-18,24],[-24,30],[-30,34],[-21,25],[-10,13],[-20,26],[-19,28],[-9,15],[-19,32],[-18,36],[-19,41],[-7,18],[-16,42],[-29,81],[-19,51],[-13,30],[-10,24],[-10,21],[-12,24],[-10,16],[-10,13],[-9,10],[-7,5],[-21,19],[-8,5],[-8,3],[-7,-1],[-6,-4],[-11,-12],[-7,-10],[-9,-15],[-7,-14],[-18,-41],[-15,-29],[-15,-27],[-16,-25],[-15,-21],[-17,-19],[-16,-15],[-17,-12],[-16,-7],[-17,-4],[-17,1],[-17,6],[-16,12],[-16,16],[-16,22],[-26,46],[-5,7],[-11,11],[-10,8],[-12,2],[-8,-2],[-10,-9],[-12,-13],[-8,-10],[-14,-24],[-14,-26],[-16,-37],[-9,-24],[-12,-33],[-9,-25],[-30,-87],[-12,-34],[-12,-33],[-13,-30],[-14,-29],[-14,-25],[-15,-22],[-7,-7],[-12,-6],[-8,-1],[-13,2],[-9,4],[-7,6],[-7,8],[-27,44],[-25,53],[-23,61],[-20,67],[-20,72],[-19,75],[-32,135],[-19,76],[-14,56],[-15,55],[-10,34],[-11,34],[-12,32],[-12,30],[-6,15],[-12,27],[-14,26],[-14,23],[-7,10],[-15,20],[-16,17],[-17,13],[-15,9],[-9,2],[-11,2],[-8,0],[-11,-3],[-6,-4],[-5,-5],[-7,-13],[-8,-17],[-8,-23],[-6,-19],[-20,-73],[-25,-95],[-25,-98],[-19,-74],[-18,-76],[-25,-104],[-36,-158],[-25,-107],[-23,-105],[-57,-253],[-25,-111],[-25,-112],[-26,-112],[-26,-113],[-31,-129],[-25,-105],[-15,-70],[-24,-106],[-19,-88],[-38,-175],[-31,-140],[-15,-69],[-16,-68],[-16,-67],[-16,-67],[-16,-66],[-17,-65],[-22,-81],[-23,-78],[-22,-76],[-27,-92],[-22,-73],[-15,-54],[-16,-53],[-19,-72],[-14,-54],[-9,-37],[-8,-36],[-9,-37],[-7,-37],[-8,-38],[-10,-58],[-6,-39],[-8,-60],[-5,-41],[-7,-63],[-1,-21],[-4,-44],[-2,-44],[-2,-46],[-6,-112],[-11,-107],[-14,-103],[-17,-99],[-20,-96],[-21,-93],[-23,-92],[-24,-90],[-30,-112],[-11,-45],[-12,-45],[-11,-45],[-11,-46],[-10,-46],[-10,-46],[-10,-47],[-8,-48],[-8,-48],[-7,-49],[-7,-51],[-2,-25],[-5,-52],[-4,-52],[-2,-46],[-1,-22],[-1,-45],[1,-43],[0,-33],[3,-63],[3,-52],[4,-60],[8,-100],[3,-39],[2,-40],[3,-39],[1,-39],[1,-39],[-1,-97],[-4,-99],[-7,-101],